<?xml version="1.0" encoding="UTF-8" ?>
<log4j:configuration debug="true"

	xmlns:log4j='http://jakarta.apache.org/log4j/'>
	<appender name="console"
		class="org.apache.log4j.ConsoleAppender">
		<layout class="org.apache.log4j.PatternLayout">
			<param name="ConversionPattern"
				value="%d{yyyy-MM-dd HH:mm:ss} %-5p %c{1}:%L - %m%n" />
		</layout>
		<filter class="org.apache.log4j.varia.LevelMatchFilter">
			<param name="LevelToMatch" value="error" />
			<param name="AcceptOnMatch" value="false" />
		</filter>
	</appender>

	<appender name="file"
		class="org.apache.log4j.RollingFileAppender">
		<param name="append" value="false" />
		<param name="maxFileSize" value="10MB" />
		<param name="maxBackupIndex" value="10" />
		<param name="file" value="server.log" />
		<layout class="org.apache.log4j.PatternLayout">
			<param name="ConversionPattern"
				value="%d{yyyy-MM-dd HH:mm:ss} %-5p %c{1}:%L - %m%n" />
		</layout>
		<filter class="org.apache.log4j.varia.LevelMatchFilter">
			<param name="LevelToMatch" value="error" />
			<param name="AcceptOnMatch" value="true" />
		</filter>
		<filter class="org.apache.log4j.varia.DenyAllFilter" />
	</appender>

	<root>
		<level value="DEBUG" />
		<appender-ref ref="console" />
		<appender-ref ref="file" />
	</root>

</log4j:configuration>